{"Accuracy": 0.7037037014961243, "Precision": 0.6666666865348816, "Recall": 0.8571428656578064, "F1Score": 0.75, "AUROC": 0.6978022456169128, "Confusion_Matrix_array": [[7, 6], [2, 12]], "_timestamp": 1708643049.4308155, "_runtime": 4.796921491622925, "_step": 1, "Binary Confusion Matrix": {"_type": "image-file", "sha256": "edcb17f6a22b91c2f5d49352e026baf4e60f24c3c33b70322c4a4ebc61aaff2b", "size": 16090, "path": "media/images/Binary Confusion Matrix_1_edcb17f6a22b91c2f5d4.png", "format": "png", "width": 800, "height": 600}, "_wandb": {"runtime": 3}}