{"epoch": 0, "train_loss": 0.7041363716125488, "_timestamp": 1708438800.828801, "_runtime": 2.1448159217834473, "_step": 2, "_wandb": {"runtime": 1}}